dir,commits,name
./packages/hyperflux/tests,2,Aditya
./packages/hyperflux/tests,2,Gheric
./packages/hyperflux/functions,11,Gheric
./packages/hyperflux/functions,3,Daniel
./packages/hyperflux/functions,2,Aditya
./packages/hyperflux/functions,2,David
./packages/hyperflux/functions,2,Kyle
./packages/xrui/core,5,Gheric
./packages/xrui/core,2,lonedevr
./packages/xrui/core/serialization,2,Gheric
./packages/xrui/core/textures,4,Gheric
./packages/xrui/core/three,3,Gheric
./packages/xrui/scripts,3,Gheric
./packages/xrui/tests,2,Gheric
./packages/editor/src/components,78,David
./packages/editor/src/components,63,Aditya
./packages/editor/src/components,56,Rahul
./packages/editor/src/components,25,lonedevr
./packages/editor/src/components,23,Appaji
./packages/editor/src/components,21,Gheric
./packages/editor/src/components,16,Daniel
./packages/editor/src/components,13,Kyle
./packages/editor/src/components,11,Moiz
./packages/editor/src/components,9,dinomut1
./packages/editor/src/components,8,Michael
./packages/editor/src/components,8,Sam
./packages/editor/src/components,7,Jiatong
./packages/editor/src/components,7,Rezmason
./packages/editor/src/components,6,Hurairah
./packages/editor/src/components,5,Jeremy
./packages/editor/src/components,5,José
./packages/editor/src/components,4,dtlehrer
./packages/editor/src/components,3,AidanCaruso
./packages/editor/src/components,3,Hanzla
./packages/editor/src/components,3,anselm
./packages/editor/src/components,3,internetcharles
./packages/editor/src/components,2,Andy
./packages/editor/src/components,2,Ivan
./packages/editor/src/components,2,sybiote
./packages/editor/src/constants,3,Michael
./packages/editor/src/constants,2,Jiatong
./packages/editor/src/pages,3,Aditya
./packages/editor/src/pages,3,Moiz
./packages/editor/src/pages,2,Gheric
./packages/editor/src/systems,9,David
./packages/editor/src/systems,7,Gheric
./packages/editor/src/systems,5,Sam
./packages/editor/src/systems,4,Rahul
./packages/editor/src/systems,3,Aditya
./packages/editor/src/systems,3,Michael
./packages/editor/src/systems,3,lonedevr
./packages/editor/src/systems,2,anselm
./packages/editor/src/systems,2,sybiote
./packages/editor/src/functions,33,David
./packages/editor/src/functions,15,Rahul
./packages/editor/src/functions,12,Aditya
./packages/editor/src/functions,11,Moiz
./packages/editor/src/functions,10,lonedevr
./packages/editor/src/functions,9,Gheric
./packages/editor/src/functions,6,Daniel
./packages/editor/src/functions,5,Jiatong
./packages/editor/src/functions,5,Sam
./packages/editor/src/functions,3,Appaji
./packages/editor/src/functions,3,Hurairah
./packages/editor/src/functions,2,Hanzla
./packages/editor/src/functions,2,Ivan
./packages/editor/src/functions,2,Michael
./packages/editor/src/functions,2,anselm
./packages/editor/src/classes,6,Rahul
./packages/editor/src/classes,2,David
./packages/editor/src/classes,2,Gheric
./packages/editor/src/classes,2,Michael
./packages/editor/src/classes,2,sybiote
./packages/editor/src/lightmapper,2,Gheric
./packages/editor/src/services,9,David
./packages/editor/src/services,4,Gheric
./packages/editor/src/services,4,Kyle
./packages/editor/src/services,3,Aditya
./packages/editor/src/services,3,Rahul
./packages/editor/src/services,2,dtlehrer
./packages/spatial/src/xrui,2,Gheric
./packages/spatial/src/transform,4,Sam
./packages/spatial/src/transform,3,Gheric
./packages/spatial/src/transform,2,David
./packages/spatial/src/camera,4,Daniel
./packages/spatial/src/camera,4,Sam
./packages/spatial/src/camera,3,Gheric
./packages/spatial/src/camera,2,MbfloydIR
./packages/spatial/src/camera,2,lonedevr
./packages/spatial/src/common,5,lonedevr
./packages/spatial/src/common,2,Appaji
./packages/spatial/src/common,2,Gheric
./packages/spatial/src/common,2,Michael
./packages/spatial/src/common,2,Sam
./packages/spatial/src/xr,3,Sam
./packages/spatial/src/xr,2,Daniel
./packages/spatial/src/xr,2,Gheric
./packages/spatial/src/renderer,12,lonedevr
./packages/spatial/src/renderer,9,Daniel
./packages/spatial/src/renderer,9,Michael
./packages/spatial/src/renderer,5,Gheric
./packages/spatial/src/renderer,4,David
./packages/spatial/src/renderer,3,Jiatong
./packages/spatial/src/renderer,3,MbfloydIR
./packages/spatial/src/renderer,2,Sam
./packages/spatial/src/resources,4,Michael
./packages/spatial/src/input,8,Sam
./packages/spatial/src/input,4,Gheric
./packages/spatial/src/input,3,Daniel
./packages/spatial/src/input,2,Michael
./packages/spatial/src/input,2,lonedevr
./packages/spatial/src/physics,4,Gheric
./packages/spatial/src/physics,2,Daniel
./packages/spatial/src/physics,2,MbfloydIR
./packages/visual-script,2,Rahul
./packages/visual-script/tests,2,Rahul
./packages/visual-script/tests/assets,2,Rahul
./packages/visual-script/src,2,Rahul
./packages/visual-script/src/profiles,2,Rahul
./packages/visual-script/src/profiles/core,2,Rahul
./packages/visual-script/src/profiles/struct,2,Rahul
./packages/visual-script/src/profiles/scene,2,Rahul
./packages/visual-script/src/engine,2,Rahul
./packages/visual-script/src/engine/Nodes,2,Rahul
./packages/projects/template-project,3,CI
./packages/projects/template-project,3,Gheric
./packages/projects/template-project,2,Kyle
./packages/projects/default-project,9,lonedevr
./packages/projects/default-project,7,David
./packages/projects/default-project,5,Jiatong
./packages/projects/default-project,3,Aditya
./packages/projects/default-project,3,CI
./packages/projects/default-project,3,Daniel
./packages/projects/default-project,3,Gheric
./packages/projects/default-project,3,Kyle
./packages/projects/default-project,2,AidanCaruso
./packages/projects/default-project,2,Appaji
./packages/projects/default-project,2,Hanzla
./packages/projects/default-project/public,2,David
./packages/projects/default-project/assets,6,David
./packages/projects/default-project/assets,5,lonedevr
./packages/projects/default-project/assets,3,Jiatong
./packages/projects/default-project/assets/avatars,2,David
./packages/projects/default-project/assets/prefabs,3,Jiatong
./packages/projects/default-project/assets/animations,4,lonedevr
./packages/client-core,126,Aditya
./packages/client-core,68,Kyle
./packages/client-core,46,Hanzla
./packages/client-core,38,Gheric
./packages/client-core,33,David
./packages/client-core,31,Hurairah
./packages/client-core,24,Moiz
./packages/client-core,23,Rahul
./packages/client-core,18,Appaji
./packages/client-core,18,lonedevr
./packages/client-core,17,Daniel
./packages/client-core,13,Michael
./packages/client-core,10,hanzlamateen
./packages/client-core,6,Sam
./packages/client-core,6,anselm
./packages/client-core,5,Andy
./packages/client-core,5,José
./packages/client-core,4,Jiatong
./packages/client-core,3,AidanCaruso
./packages/client-core,3,Andres
./packages/client-core,3,CI
./packages/client-core,3,Rezmason
./packages/client-core,2,Ivan
./packages/client-core,2,Jeremy
./packages/client-core,2,Miguel
./packages/client-core,2,dtlehrer
./packages/client-core/i18n,45,Aditya
./packages/client-core/i18n,23,David
./packages/client-core/i18n,15,Rahul
./packages/client-core/i18n,13,Kyle
./packages/client-core/i18n,11,Hanzla
./packages/client-core/i18n,6,Appaji
./packages/client-core/i18n,6,lonedevr
./packages/client-core/i18n,5,Andy
./packages/client-core/i18n,4,Gheric
./packages/client-core/i18n,4,Jiatong
./packages/client-core/i18n,4,Michael
./packages/client-core/i18n,3,Daniel
./packages/client-core/i18n,3,Moiz
./packages/client-core/i18n,2,AidanCaruso
./packages/client-core/i18n,2,Hurairah
./packages/client-core/i18n,2,José
./packages/client-core/i18n,2,dtlehrer
./packages/client-core/i18n/en,45,Aditya
./packages/client-core/i18n/en,23,David
./packages/client-core/i18n/en,15,Rahul
./packages/client-core/i18n/en,13,Kyle
./packages/client-core/i18n/en,11,Hanzla
./packages/client-core/i18n/en,6,Appaji
./packages/client-core/i18n/en,6,lonedevr
./packages/client-core/i18n/en,5,Andy
./packages/client-core/i18n/en,4,Gheric
./packages/client-core/i18n/en,4,Jiatong
./packages/client-core/i18n/en,4,Michael
./packages/client-core/i18n/en,3,Daniel
./packages/client-core/i18n/en,3,Moiz
./packages/client-core/i18n/en,2,AidanCaruso
./packages/client-core/i18n/en,2,Hurairah
./packages/client-core/i18n/en,2,José
./packages/client-core/i18n/en,2,dtlehrer
./packages/client-core/tests,2,Kyle
./packages/client-core/src,102,Aditya
./packages/client-core/src,64,Kyle
./packages/client-core/src,44,Hanzla
./packages/client-core/src,34,Gheric
./packages/client-core/src,30,Hurairah
./packages/client-core/src,23,Moiz
./packages/client-core/src,16,David
./packages/client-core/src,13,Appaji
./packages/client-core/src,13,Daniel
./packages/client-core/src,12,Michael
./packages/client-core/src,12,lonedevr
./packages/client-core/src,10,Rahul
./packages/client-core/src,10,hanzlamateen
./packages/client-core/src,6,Sam
./packages/client-core/src,6,anselm
./packages/client-core/src,5,José
./packages/client-core/src,3,Andres
./packages/client-core/src,3,Rezmason
./packages/client-core/src/components,19,Kyle
./packages/client-core/src/components,12,Gheric
./packages/client-core/src/components,9,Aditya
./packages/client-core/src/components,6,Daniel
./packages/client-core/src/components,5,Rahul
./packages/client-core/src/components,4,Michael
./packages/client-core/src/components,3,Moiz
./packages/client-core/src/components,3,anselm
./packages/client-core/src/components,2,David
./packages/client-core/src/components,2,Hanzla
./packages/client-core/src/components,2,Sam
./packages/client-core/src/components,2,lonedevr
./packages/client-core/src/components/InviteToast,2,Gheric
./packages/client-core/src/components/ARPlacement,3,Gheric
./packages/client-core/src/components/InstanceChat,4,Kyle
./packages/client-core/src/components/InstanceChat,3,Gheric
./packages/client-core/src/components/InstanceChat,2,Aditya
./packages/client-core/src/components/InstanceChat,2,Daniel
./packages/client-core/src/components/InstanceChat,2,Hanzla
./packages/client-core/src/components/Debug,8,Gheric
./packages/client-core/src/components/Debug,3,Aditya
./packages/client-core/src/components/Debug,2,Daniel
./packages/client-core/src/components/Debug,2,Michael
./packages/client-core/src/components/Debug,2,Sam
./packages/client-core/src/components/XRLoading,2,Gheric
./packages/client-core/src/components/MediaIconsBox,4,Kyle
./packages/client-core/src/components/MediaIconsBox,3,Aditya
./packages/client-core/src/components/MediaIconsBox,2,Gheric
./packages/client-core/src/components/UserMediaWindow,8,Kyle
./packages/client-core/src/components/UserMediaWindow,3,Gheric
./packages/client-core/src/components/ConferenceMode,2,Gheric
./packages/client-core/src/components/ConferenceMode,2,Kyle
./packages/client-core/src/components/World,5,Gheric
./packages/client-core/src/components/World,4,Kyle
./packages/client-core/src/components/World,3,Aditya
./packages/client-core/src/components/World,3,Daniel
./packages/client-core/src/components/World,3,Moiz
./packages/client-core/src/components/World,3,anselm
./packages/client-core/src/components/World,2,Rahul
./packages/client-core/src/components/UserMediaWindows,2,Gheric
./packages/client-core/src/components/UserMediaWindows,2,Kyle
./packages/client-core/src/components/LocationIcons,2,Gheric
./packages/client-core/src/components/Fullscreen,2,Aditya
./packages/client-core/src/components/Shelves,3,Aditya
./packages/client-core/src/components/Shelves,2,Gheric
./packages/client-core/src/hooks,3,José
./packages/client-core/src/world,5,Gheric
./packages/client-core/src/world,2,Kyle
./packages/client-core/src/world,2,Moiz
./packages/client-core/src/common,22,Aditya
./packages/client-core/src/common,14,Kyle
./packages/client-core/src/common,9,Moiz
./packages/client-core/src/common,8,Gheric
./packages/client-core/src/common,7,Hanzla
./packages/client-core/src/common,6,David
./packages/client-core/src/common,6,Hurairah
./packages/client-core/src/common,4,Appaji
./packages/client-core/src/common,4,hanzlamateen
./packages/client-core/src/common,3,Daniel
./packages/client-core/src/common,3,Michael
./packages/client-core/src/common,3,Rezmason
./packages/client-core/src/common,3,Sam
./packages/client-core/src/common,3,lonedevr
./packages/client-core/src/common,2,Rahul
./packages/client-core/src/common/components,7,Gheric
./packages/client-core/src/common/components,5,Aditya
./packages/client-core/src/common/components,5,Kyle
./packages/client-core/src/common/components,3,Sam
./packages/client-core/src/common/components,3,lonedevr
./packages/client-core/src/common/components,2,hanzlamateen
./packages/client-core/src/common/services,19,Aditya
./packages/client-core/src/common/services,11,Kyle
./packages/client-core/src/common/services,9,Moiz
./packages/client-core/src/common/services,6,David
./packages/client-core/src/common/services,6,Hanzla
./packages/client-core/src/common/services,6,Hurairah
./packages/client-core/src/common/services,3,Appaji
./packages/client-core/src/common/services,3,Gheric
./packages/client-core/src/common/services,3,Rezmason
./packages/client-core/src/common/services,2,Daniel
./packages/client-core/src/common/services,2,Michael
./packages/client-core/src/common/services,2,hanzlamateen
./packages/client-core/src/user,19,Aditya
./packages/client-core/src/user,17,Hanzla
./packages/client-core/src/user,11,Kyle
./packages/client-core/src/user,9,Hurairah
./packages/client-core/src/user,7,Gheric
./packages/client-core/src/user,5,lonedevr
./packages/client-core/src/user,4,Michael
./packages/client-core/src/user,3,Andres
./packages/client-core/src/user,3,Daniel
./packages/client-core/src/user,3,José
./packages/client-core/src/user,3,Moiz
./packages/client-core/src/user,3,Rahul
./packages/client-core/src/user,2,Appaji
./packages/client-core/src/user/components,13,Hanzla
./packages/client-core/src/user/components,12,Aditya
./packages/client-core/src/user/components,9,Kyle
./packages/client-core/src/user/components,7,Gheric
./packages/client-core/src/user/components,5,lonedevr
./packages/client-core/src/user/components,4,Michael
./packages/client-core/src/user/components,3,Hurairah
./packages/client-core/src/user/components,3,Rahul
./packages/client-core/src/user/components,2,Andres
./packages/client-core/src/user/components,2,Appaji
./packages/client-core/src/user/components,2,Moiz
./packages/client-core/src/user/functions,4,Kyle
./packages/client-core/src/user/functions,3,Hanzla
./packages/client-core/src/user/services,8,Aditya
./packages/client-core/src/user/services,8,Hanzla
./packages/client-core/src/user/services,7,Hurairah
./packages/client-core/src/user/services,5,Kyle
./packages/client-core/src/user/services,2,Daniel
./packages/client-core/src/user/services,2,Gheric
./packages/client-core/src/systems,35,Aditya
./packages/client-core/src/systems,19,Gheric
./packages/client-core/src/systems,6,Kyle
./packages/client-core/src/systems,5,David
./packages/client-core/src/systems,4,Daniel
./packages/client-core/src/systems,4,Hanzla
./packages/client-core/src/systems,4,Michael
./packages/client-core/src/systems,4,Sam
./packages/client-core/src/systems,4,anselm
./packages/client-core/src/systems,2,lonedevr
./packages/client-core/src/systems/state,2,Gheric
./packages/client-core/src/systems/ui,5,Gheric
./packages/client-core/src/systems/ui,4,Kyle
./packages/client-core/src/systems/ui,3,Aditya
./packages/client-core/src/systems/ui,3,Daniel
./packages/client-core/src/systems/ui,3,Hanzla
./packages/client-core/src/systems/ui,2,lonedevr
./packages/client-core/src/admin,74,Aditya
./packages/client-core/src/admin,33,Kyle
./packages/client-core/src/admin,29,Hanzla
./packages/client-core/src/admin,17,Hurairah
./packages/client-core/src/admin,17,Moiz
./packages/client-core/src/admin,7,Gheric
./packages/client-core/src/admin,7,hanzlamateen
./packages/client-core/src/admin,5,Appaji
./packages/client-core/src/admin,5,Daniel
./packages/client-core/src/admin,2,Andres
./packages/client-core/src/admin,2,José
./packages/client-core/src/admin/components,45,Aditya
./packages/client-core/src/admin/components,29,Kyle
./packages/client-core/src/admin/components,27,Hanzla
./packages/client-core/src/admin/components,16,Hurairah
./packages/client-core/src/admin/components,15,Moiz
./packages/client-core/src/admin/components,7,Gheric
./packages/client-core/src/admin/components,5,Appaji
./packages/client-core/src/admin/components,5,Daniel
./packages/client-core/src/admin/components,5,hanzlamateen
./packages/client-core/src/admin/components,2,Andres
./packages/client-core/src/admin/common,9,Aditya
./packages/client-core/src/admin/common,5,Hanzla
./packages/client-core/src/admin/common,4,Hurairah
./packages/client-core/src/admin/common,2,Gheric
./packages/client-core/src/admin/services,38,Aditya
./packages/client-core/src/admin/services,10,Hanzla
./packages/client-core/src/admin/services,7,Hurairah
./packages/client-core/src/admin/services,7,Kyle
./packages/client-core/src/admin/services,6,Moiz
./packages/client-core/src/admin/services,3,hanzlamateen
./packages/client-core/src/admin/services,2,Gheric
./packages/client-core/src/media,4,Gheric
./packages/client-core/src/media,4,Kyle
./packages/client-core/src/media,3,lonedevr
./packages/client-core/src/media/webcam,2,Gheric
./packages/client-core/src/media/webcam,2,lonedevr
./packages/client-core/src/networking,3,Gheric
./packages/client-core/src/networking,3,Kyle
./packages/client-core/src/networking,2,Daniel
./packages/client-core/src/networking,2,Hanzla
./packages/client-core/src/transports,11,Kyle
./packages/client-core/src/transports,5,Gheric
./packages/client-core/src/transports,2,Daniel
./packages/client-core/src/transports,2,anselm
./packages/client-core/src/util,2,Gheric
./packages/client-core/src/social,8,Kyle
./packages/client-core/src/social,5,Hanzla
./packages/client-core/src/social,5,Hurairah
./packages/client-core/src/social,3,Aditya
./packages/client-core/src/social,2,Gheric
./packages/client-core/src/social,2,Moiz
./packages/client-core/src/social/services,8,Kyle
./packages/client-core/src/social/services,5,Hanzla
./packages/client-core/src/social/services,5,Hurairah
./packages/client-core/src/social/services,3,Aditya
./packages/client-core/src/social/services,2,Gheric
./packages/client-core/src/social/services,2,Moiz
./packages/common/src/constants,9,Kyle
./packages/common/src/constants,2,Andres
./packages/common/src/constants,2,Hanzla
./packages/common/src/constants,2,Michael
./packages/common/src/constants,2,hanzlamateen
./packages/common/src/interfaces,19,Hurairah
./packages/common/src/interfaces,16,Hanzla
./packages/common/src/interfaces,9,Kyle
./packages/common/src/interfaces,7,Moiz
./packages/common/src/interfaces,3,Aditya
./packages/common/src/interfaces,2,Daniel
./packages/common/src/interfaces,2,hanzlamateen
./packages/common/src/utils,4,Gheric
./packages/common/src/utils,3,Appaji
./packages/common/src/utils,3,David
./packages/common/src/utils,3,Jiatong
./packages/common/src/utils,2,Aditya
./packages/common/src/utils,2,Hanzla
./packages/common/src/schemas,11,Kyle
./packages/common/src/schemas,6,Hanzla
./packages/common/src/schemas,4,Moiz
./packages/common/src/schemas,3,hanzlamateen
./packages/common/src/schemas,2,Aditya
./packages/common/src/schemas,2,Daniel
./packages/common/src/schemas,2,Hurairah
./packages/common/src/schemas,2,José
./packages/server-core,140,Kyle
./packages/server-core,90,Hanzla
./packages/server-core,60,Aditya
./packages/server-core,48,Moiz
./packages/server-core,45,Hurairah
./packages/server-core,44,hanzlamateen
./packages/server-core,29,David
./packages/server-core,12,Daniel
./packages/server-core,9,Gheric
./packages/server-core,7,Appaji
./packages/server-core,5,Rahul
./packages/server-core,4,José
./packages/server-core,4,Michael
./packages/server-core,3,CI
./packages/server-core,2,Andres
./packages/server-core,2,Miguel
./packages/server-core,2,lonedevr
./packages/server-core/tests,3,Aditya
./packages/server-core/tests,2,Kyle
./packages/server-core/tests/storageprovider,3,Aditya
./packages/server-core/tests/storageprovider,2,Kyle
./packages/server-core/src,136,Kyle
./packages/server-core/src,89,Hanzla
./packages/server-core/src,60,Aditya
./packages/server-core/src,48,Moiz
./packages/server-core/src,45,Hurairah
./packages/server-core/src,42,hanzlamateen
./packages/server-core/src,29,David
./packages/server-core/src,12,Daniel
./packages/server-core/src,6,Appaji
./packages/server-core/src,5,Gheric
./packages/server-core/src,5,Rahul
./packages/server-core/src,4,José
./packages/server-core/src,3,Michael
./packages/server-core/src,2,Andres
./packages/server-core/src,2,Miguel
./packages/server-core/src,2,lonedevr
./packages/server-core/src/hooks,25,Hanzla
./packages/server-core/src/hooks,14,Hurairah
./packages/server-core/src/hooks,11,Kyle
./packages/server-core/src/hooks,9,Moiz
./packages/server-core/src/hooks,5,Aditya
./packages/server-core/src/hooks,3,Daniel
./packages/server-core/src/hooks,2,hanzlamateen
./packages/server-core/src/bot,9,Hanzla
./packages/server-core/src/bot,4,Hurairah
./packages/server-core/src/bot,3,Aditya
./packages/server-core/src/bot,3,Daniel
./packages/server-core/src/bot,3,Moiz
./packages/server-core/src/bot,2,Kyle
./packages/server-core/src/bot/bot,8,Hanzla
./packages/server-core/src/bot/bot,4,Hurairah
./packages/server-core/src/bot/bot,3,Aditya
./packages/server-core/src/bot/bot,3,Daniel
./packages/server-core/src/bot/bot,3,Moiz
./packages/server-core/src/bot/bot,2,Kyle
./packages/server-core/src/bot/bot-command,6,Hanzla
./packages/server-core/src/bot/bot-command,3,Daniel
./packages/server-core/src/bot/bot-command,2,Aditya
./packages/server-core/src/bot/bot-command,2,Hurairah
./packages/server-core/src/cluster,11,Hanzla
./packages/server-core/src/cluster,7,Kyle
./packages/server-core/src/cluster,5,Hurairah
./packages/server-core/src/cluster,3,Daniel
./packages/server-core/src/cluster,3,Moiz
./packages/server-core/src/cluster,2,Aditya
./packages/server-core/src/cluster/pods,4,Hanzla
./packages/server-core/src/cluster/pods,2,Moiz
./packages/server-core/src/cluster/api-job,3,Daniel
./packages/server-core/src/cluster/api-job,2,Hanzla
./packages/server-core/src/cluster/api-job,2,Kyle
./packages/server-core/src/cluster/logs-api,2,Hanzla
./packages/server-core/src/cluster/build-status,6,Hanzla
./packages/server-core/src/cluster/build-status,2,Aditya
./packages/server-core/src/cluster/build-status,2,Daniel
./packages/server-core/src/cluster/build-status,2,Hurairah
./packages/server-core/src/cluster/build-status,2,Kyle
./packages/server-core/src/projects,59,Kyle
./packages/server-core/src/projects,21,Hanzla
./packages/server-core/src/projects,20,Moiz
./packages/server-core/src/projects,12,Aditya
./packages/server-core/src/projects,11,Hurairah
./packages/server-core/src/projects,9,hanzlamateen
./packages/server-core/src/projects,6,Daniel
./packages/server-core/src/projects,5,David
./packages/server-core/src/projects,3,Appaji
./packages/server-core/src/projects,2,Gheric
./packages/server-core/src/projects,2,Rahul
./packages/server-core/src/projects/project-builder-tags,2,Daniel
./packages/server-core/src/projects/project-branches,2,Daniel
./packages/server-core/src/projects/projects,2,Hanzla
./packages/server-core/src/projects/projects,2,Moiz
./packages/server-core/src/projects/project,56,Kyle
./packages/server-core/src/projects/project,16,Moiz
./packages/server-core/src/projects/project,13,Hanzla
./packages/server-core/src/projects/project,9,hanzlamateen
./packages/server-core/src/projects/project,7,Aditya
./packages/server-core/src/projects/project,6,Hurairah
./packages/server-core/src/projects/project,5,Daniel
./packages/server-core/src/projects/project,5,David
./packages/server-core/src/projects/project,3,Appaji
./packages/server-core/src/projects/project,2,Rahul
./packages/server-core/src/projects/project-check-source-destination-match,2,Daniel
./packages/server-core/src/projects/project-invalidate,2,Hanzla
./packages/server-core/src/projects/project-invalidate,2,Moiz
./packages/server-core/src/projects/project-permission,8,Hanzla
./packages/server-core/src/projects/project-permission,5,Hurairah
./packages/server-core/src/projects/project-permission,4,Daniel
./packages/server-core/src/projects/project-permission,4,Moiz
./packages/server-core/src/projects/project-permission,3,Kyle
./packages/server-core/src/projects/project-permission,2,Aditya
./packages/server-core/src/projects/project-check-unfetched-commit,2,Daniel
./packages/server-core/src/projects/project-permission-type,2,Daniel
./packages/server-core/src/projects/project-permission-type,2,Hanzla
./packages/server-core/src/projects/project-permission-type,2,Hurairah
./packages/server-core/src/projects/project-commits,2,Daniel
./packages/server-core/src/projects/project-destination-check,2,Daniel
./packages/server-core/src/projects/project-build,2,Moiz
./packages/server-core/src/scope,11,Hanzla
./packages/server-core/src/scope,4,Kyle
./packages/server-core/src/scope,3,Aditya
./packages/server-core/src/scope,3,Daniel
./packages/server-core/src/scope,3,Hurairah
./packages/server-core/src/scope/scope,8,Hanzla
./packages/server-core/src/scope/scope,4,Kyle
./packages/server-core/src/scope/scope,3,Daniel
./packages/server-core/src/scope/scope,3,Hurairah
./packages/server-core/src/scope/scope-type,9,Hanzla
./packages/server-core/src/scope/scope-type,3,Aditya
./packages/server-core/src/scope/scope-type,2,Daniel
./packages/server-core/src/matchmaking,10,Hanzla
./packages/server-core/src/matchmaking,3,Daniel
./packages/server-core/src/matchmaking,3,Hurairah
./packages/server-core/src/matchmaking,3,Moiz
./packages/server-core/src/matchmaking,2,hanzlamateen
./packages/server-core/src/matchmaking/match-ticket,7,Hanzla
./packages/server-core/src/matchmaking/match-ticket,2,Moiz
./packages/server-core/src/matchmaking/match-instance,10,Hanzla
./packages/server-core/src/matchmaking/match-instance,3,Daniel
./packages/server-core/src/matchmaking/match-instance,2,Hurairah
./packages/server-core/src/matchmaking/match-instance,2,Moiz
./packages/server-core/src/matchmaking/match-instance,2,hanzlamateen
./packages/server-core/src/matchmaking/match-user,8,Hanzla
./packages/server-core/src/matchmaking/match-user,3,Daniel
./packages/server-core/src/matchmaking/match-user,2,hanzlamateen
./packages/server-core/src/matchmaking/match-ticket-assignment,6,Hanzla
./packages/server-core/src/matchmaking/match-ticket-assignment,2,Moiz
./packages/server-core/src/analytics,12,Hanzla
./packages/server-core/src/analytics,4,hanzlamateen
./packages/server-core/src/analytics,3,Daniel
./packages/server-core/src/analytics,2,Aditya
./packages/server-core/src/analytics/analytics,12,Hanzla
./packages/server-core/src/analytics/analytics,4,hanzlamateen
./packages/server-core/src/analytics/analytics,3,Daniel
./packages/server-core/src/analytics/analytics,2,Aditya
./packages/server-core/src/user,38,Hanzla
./packages/server-core/src/user,34,Kyle
./packages/server-core/src/user,20,Hurairah
./packages/server-core/src/user,15,Aditya
./packages/server-core/src/user,15,hanzlamateen
./packages/server-core/src/user,10,Moiz
./packages/server-core/src/user,4,Daniel
./packages/server-core/src/user,2,Miguel
./packages/server-core/src/user/accept-invite,8,Hanzla
./packages/server-core/src/user/accept-invite,6,Hurairah
./packages/server-core/src/user/accept-invite,3,Moiz
./packages/server-core/src/user/accept-invite,2,Daniel
./packages/server-core/src/user/accept-invite,2,Kyle
./packages/server-core/src/user/magic-link,5,Hanzla
./packages/server-core/src/user/magic-link,4,Hurairah
./packages/server-core/src/user/magic-link,2,Miguel
./packages/server-core/src/user/user-avatar,3,Daniel
./packages/server-core/src/user/user-avatar,2,Hanzla
./packages/server-core/src/user/user-avatar,2,hanzlamateen
./packages/server-core/src/user/email,2,Kyle
./packages/server-core/src/user/avatar,15,Hanzla
./packages/server-core/src/user/avatar,13,Kyle
./packages/server-core/src/user/avatar,6,Aditya
./packages/server-core/src/user/avatar,4,Moiz
./packages/server-core/src/user/avatar,3,Daniel
./packages/server-core/src/user/avatar,3,hanzlamateen
./packages/server-core/src/user/user-relationship-type,4,Hanzla
./packages/server-core/src/user/user-relationship-type,2,Daniel
./packages/server-core/src/user/sms,2,Hanzla
./packages/server-core/src/user/sms,2,Hurairah
./packages/server-core/src/user/sms,2,Kyle
./packages/server-core/src/user/user-api-key,8,Hanzla
./packages/server-core/src/user/user-api-key,3,Daniel
./packages/server-core/src/user/user-setting,8,Hanzla
./packages/server-core/src/user/user-setting,3,Daniel
./packages/server-core/src/user/user-relationship,10,Hanzla
./packages/server-core/src/user/user-relationship,3,Daniel
./packages/server-core/src/user/user-relationship,3,Kyle
./packages/server-core/src/user/user,18,Hanzla
./packages/server-core/src/user/user,12,Kyle
./packages/server-core/src/user/user,10,Hurairah
./packages/server-core/src/user/user,5,Aditya
./packages/server-core/src/user/user,3,Daniel
./packages/server-core/src/user/user,3,hanzlamateen
./packages/server-core/src/user/strategies,4,Kyle
./packages/server-core/src/user/strategies,3,Aditya
./packages/server-core/src/user/strategies,3,Hanzla
./packages/server-core/src/user/strategies,3,Hurairah
./packages/server-core/src/user/login-token,5,Hanzla
./packages/server-core/src/user/login-token,3,Daniel
./packages/server-core/src/user/login-token,2,Kyle
./packages/server-core/src/user/identity-provider,9,Hanzla
./packages/server-core/src/user/identity-provider,7,Kyle
./packages/server-core/src/user/identity-provider,6,Aditya
./packages/server-core/src/user/identity-provider,5,Hurairah
./packages/server-core/src/user/identity-provider,4,Daniel
./packages/server-core/src/user/identity-provider,3,hanzlamateen
./packages/server-core/src/user/user-kick,7,Hanzla
./packages/server-core/src/user/user-kick,3,Daniel
./packages/server-core/src/user/generate-token,2,Hurairah
./packages/server-core/src/user/discord-bot-auth,2,Hanzla
./packages/server-core/src/user/login,4,Hanzla
./packages/server-core/src/user/login,4,Hurairah
./packages/server-core/src/user/login,2,Kyle
./packages/server-core/src/route,13,Hanzla
./packages/server-core/src/route,5,Aditya
./packages/server-core/src/route,4,Moiz
./packages/server-core/src/route,4,hanzlamateen
./packages/server-core/src/route,3,Daniel
./packages/server-core/src/route,3,Kyle
./packages/server-core/src/route/route,13,Hanzla
./packages/server-core/src/route/route,5,Aditya
./packages/server-core/src/route/route,4,Moiz
./packages/server-core/src/route/route,4,hanzlamateen
./packages/server-core/src/route/route,3,Daniel
./packages/server-core/src/route/route,3,Kyle
./packages/server-core/src/setting,23,Hanzla
./packages/server-core/src/setting,20,Kyle
./packages/server-core/src/setting,8,hanzlamateen
./packages/server-core/src/setting,6,Moiz
./packages/server-core/src/setting,5,Daniel
./packages/server-core/src/setting,4,Aditya
./packages/server-core/src/setting,4,Hurairah
./packages/server-core/src/setting,3,Gheric
./packages/server-core/src/setting,2,José
./packages/server-core/src/setting/helm-setting,6,Hanzla
./packages/server-core/src/setting/helm-setting,3,Daniel
./packages/server-core/src/setting/email-setting,13,Hanzla
./packages/server-core/src/setting/email-setting,4,hanzlamateen
./packages/server-core/src/setting/email-setting,3,Daniel
./packages/server-core/src/setting/server-setting,9,Hanzla
./packages/server-core/src/setting/server-setting,3,Daniel
./packages/server-core/src/setting/server-setting,3,hanzlamateen
./packages/server-core/src/setting/server-setting,2,Gheric
./packages/server-core/src/setting/server-setting,2,Kyle
./packages/server-core/src/setting/coil-setting,13,Hanzla
./packages/server-core/src/setting/coil-setting,4,hanzlamateen
./packages/server-core/src/setting/coil-setting,3,Daniel
./packages/server-core/src/setting/instance-server-setting,7,Hanzla
./packages/server-core/src/setting/instance-server-setting,3,Daniel
./packages/server-core/src/setting/task-server-setting,13,Hanzla
./packages/server-core/src/setting/task-server-setting,4,hanzlamateen
./packages/server-core/src/setting/task-server-setting,3,Daniel
./packages/server-core/src/setting/redis-setting,10,Hanzla
./packages/server-core/src/setting/redis-setting,4,hanzlamateen
./packages/server-core/src/setting/redis-setting,3,Daniel
./packages/server-core/src/setting/authentication-setting,8,Kyle
./packages/server-core/src/setting/authentication-setting,7,Hanzla
./packages/server-core/src/setting/authentication-setting,3,Daniel
./packages/server-core/src/setting/authentication-setting,3,Hurairah
./packages/server-core/src/setting/authentication-setting,2,Moiz
./packages/server-core/src/setting/project-setting,3,Moiz
./packages/server-core/src/setting/chargebee-setting,13,Hanzla
./packages/server-core/src/setting/chargebee-setting,4,hanzlamateen
./packages/server-core/src/setting/chargebee-setting,3,Daniel
./packages/server-core/src/setting/aws-setting,11,Hanzla
./packages/server-core/src/setting/aws-setting,7,Kyle
./packages/server-core/src/setting/aws-setting,4,hanzlamateen
./packages/server-core/src/setting/aws-setting,3,Daniel
./packages/server-core/src/setting/client-setting,10,Hanzla
./packages/server-core/src/setting/client-setting,7,hanzlamateen
./packages/server-core/src/setting/client-setting,4,Aditya
./packages/server-core/src/setting/client-setting,4,Daniel
./packages/server-core/src/setting/client-setting,4,Kyle
./packages/server-core/src/setting/client-setting,3,Moiz
./packages/server-core/src/setting/client-setting,2,Gheric
./packages/server-core/src/media,30,Kyle
./packages/server-core/src/media,21,Hanzla
./packages/server-core/src/media,12,Aditya
./packages/server-core/src/media,12,David
./packages/server-core/src/media,12,Moiz
./packages/server-core/src/media,8,Daniel
./packages/server-core/src/media,5,Appaji
./packages/server-core/src/media,4,hanzlamateen
./packages/server-core/src/media,3,Hurairah
./packages/server-core/src/media,2,Rahul
./packages/server-core/src/media/storageprovider,19,Kyle
./packages/server-core/src/media/storageprovider,5,Hanzla
./packages/server-core/src/media/storageprovider,4,Aditya
./packages/server-core/src/media/storageprovider,3,Appaji
./packages/server-core/src/media/storageprovider,2,Daniel
./packages/server-core/src/media/file-browser,8,Aditya
./packages/server-core/src/media/file-browser,8,Kyle
./packages/server-core/src/media/file-browser,5,Daniel
./packages/server-core/src/media/file-browser,5,Moiz
./packages/server-core/src/media/file-browser,4,Hanzla
./packages/server-core/src/media/file-browser,3,David
./packages/server-core/src/media/file-browser,2,Hurairah
./packages/server-core/src/media/file-browser,2,Rahul
./packages/server-core/src/media/file-browser-upload,3,Hanzla
./packages/server-core/src/media/file-browser-upload,2,Daniel
./packages/server-core/src/media/static-resource,8,Hanzla
./packages/server-core/src/media/static-resource,6,David
./packages/server-core/src/media/static-resource,5,Daniel
./packages/server-core/src/media/static-resource,5,Kyle
./packages/server-core/src/media/static-resource,4,Moiz
./packages/server-core/src/media/static-resource,2,Aditya
./packages/server-core/src/media/oembed,4,Hanzla
./packages/server-core/src/media/oembed,2,Moiz
./packages/server-core/src/media/oembed,2,hanzlamateen
./packages/server-core/src/media/upload-asset,5,Kyle
./packages/server-core/src/media/upload-asset,3,Hanzla
./packages/server-core/src/media/upload-asset,2,Moiz
./packages/server-core/src/media/upload-asset,2,Rahul
./packages/server-core/src/media/recursive-archiver,5,Kyle
./packages/server-core/src/media/recursive-archiver,3,Hanzla
./packages/server-core/src/media/recursive-archiver,2,Aditya
./packages/server-core/src/media/recursive-archiver,2,Moiz
./packages/server-core/src/networking,14,Hanzla
./packages/server-core/src/networking,13,Kyle
./packages/server-core/src/networking,11,Hurairah
./packages/server-core/src/networking,6,Aditya
./packages/server-core/src/networking,4,Moiz
./packages/server-core/src/networking,3,Daniel
./packages/server-core/src/networking,2,Gheric
./packages/server-core/src/networking,2,hanzlamateen
./packages/server-core/src/networking/instance-friends,2,Hanzla
./packages/server-core/src/networking/instance-friends,2,Hurairah
./packages/server-core/src/networking/instance-friends,2,Moiz
./packages/server-core/src/networking/instanceserver-provision,3,Hanzla
./packages/server-core/src/networking/instance-active,2,Aditya
./packages/server-core/src/networking/instance-active,2,Hanzla
./packages/server-core/src/networking/instance-active,2,Hurairah
./packages/server-core/src/networking/instance-provision,7,Hanzla
./packages/server-core/src/networking/instance-provision,7,Kyle
./packages/server-core/src/networking/instance-provision,6,Hurairah
./packages/server-core/src/networking/instance-provision,2,Gheric
./packages/server-core/src/networking/instance-provision,2,Moiz
./packages/server-core/src/networking/instance,9,Hurairah
./packages/server-core/src/networking/instance,8,Hanzla
./packages/server-core/src/networking/instance,5,Aditya
./packages/server-core/src/networking/instance,4,Kyle
./packages/server-core/src/networking/instance,3,Daniel
./packages/server-core/src/networking/instance,3,Moiz
./packages/server-core/src/networking/instance-attendance,5,Hanzla
./packages/server-core/src/networking/instance-attendance,3,Daniel
./packages/server-core/src/networking/instance-authorized-user,6,Hanzla
./packages/server-core/src/networking/instance-authorized-user,4,Kyle
./packages/server-core/src/networking/instance-authorized-user,3,Daniel
./packages/server-core/src/assets,17,David
./packages/server-core/src/assets,4,Moiz
./packages/server-core/src/assets,3,Aditya
./packages/server-core/src/assets,3,Hanzla
./packages/server-core/src/assets,3,Kyle
./packages/server-core/src/assets,2,Daniel
./packages/server-core/src/assets,2,Hurairah
./packages/server-core/src/assets,2,Rahul
./packages/server-core/src/assets/ktx2-encode,3,David
./packages/server-core/src/assets/ktx2-encode,2,Aditya
./packages/server-core/src/assets/extensions,5,David
./packages/server-core/src/assets/model-transform,14,David
./packages/server-core/src/assets/model-transform,3,Hanzla
./packages/server-core/src/assets/model-transform,2,Rahul
./packages/server-core/src/util,8,Hanzla
./packages/server-core/src/util,4,Kyle
./packages/server-core/src/util,2,Daniel
./packages/server-core/src/util,2,Hurairah
./packages/server-core/src/recording,8,Hanzla
./packages/server-core/src/recording,5,Moiz
./packages/server-core/src/recording,4,Kyle
./packages/server-core/src/recording,3,Aditya
./packages/server-core/src/recording,3,Daniel
./packages/server-core/src/recording/recording-resource,6,Hanzla
./packages/server-core/src/recording/recording-resource,3,Daniel
./packages/server-core/src/recording/recording-resource,3,Kyle
./packages/server-core/src/recording/recording-resource,3,Moiz
./packages/server-core/src/recording/recording,8,Hanzla
./packages/server-core/src/recording/recording,4,Moiz
./packages/server-core/src/recording/recording,3,Aditya
./packages/server-core/src/recording/recording,3,Daniel
./packages/server-core/src/recording/recording,2,Kyle
./packages/server-core/src/social,22,Hanzla
./packages/server-core/src/social,16,Hurairah
./packages/server-core/src/social,15,Kyle
./packages/server-core/src/social,11,Aditya
./packages/server-core/src/social,11,Moiz
./packages/server-core/src/social,8,hanzlamateen
./packages/server-core/src/social,3,Daniel
./packages/server-core/src/social/location-ban,7,Hanzla
./packages/server-core/src/social/location-ban,4,Kyle
./packages/server-core/src/social/location-ban,3,Daniel
./packages/server-core/src/social/location-ban,2,Hurairah
./packages/server-core/src/social/channel,8,Hanzla
./packages/server-core/src/social/channel,4,Kyle
./packages/server-core/src/social/channel,3,Daniel
./packages/server-core/src/social/channel,2,Aditya
./packages/server-core/src/social/channel,2,Hurairah
./packages/server-core/src/social/channel,2,Moiz
./packages/server-core/src/social/location-type,6,Hanzla
./packages/server-core/src/social/location-type,2,Daniel
./packages/server-core/src/social/message,9,Hanzla
./packages/server-core/src/social/message,9,Kyle
./packages/server-core/src/social/message,3,Daniel
./packages/server-core/src/social/message,3,Hurairah
./packages/server-core/src/social/message,2,Moiz
./packages/server-core/src/social/message,2,hanzlamateen
./packages/server-core/src/social/location-authorized-user,7,Hanzla
./packages/server-core/src/social/location-authorized-user,3,Daniel
./packages/server-core/src/social/location-setting,9,Hanzla
./packages/server-core/src/social/location-setting,3,Daniel
./packages/server-core/src/social/invite,9,Hanzla
./packages/server-core/src/social/invite,7,Aditya
./packages/server-core/src/social/invite,5,Hurairah
./packages/server-core/src/social/invite,5,Kyle
./packages/server-core/src/social/invite,3,Daniel
./packages/server-core/src/social/invite,3,Moiz
./packages/server-core/src/social/location-admin,7,Hanzla
./packages/server-core/src/social/location-admin,3,Daniel
./packages/server-core/src/social/location-admin,2,Kyle
./packages/server-core/src/social/invite-code-lookup,6,Hanzla
./packages/server-core/src/social/channel-user,6,Hanzla
./packages/server-core/src/social/channel-user,3,Daniel
./packages/server-core/src/social/channel-user,2,Aditya
./packages/server-core/src/social/channel-user,2,Hurairah
./packages/server-core/src/social/channel-user,2,Kyle
./packages/server-core/src/social/channel-user,2,Moiz
./packages/server-core/src/social/location,10,Hanzla
./packages/server-core/src/social/location,8,Moiz
./packages/server-core/src/social/location,7,Hurairah
./packages/server-core/src/social/location,4,Aditya
./packages/server-core/src/social/location,4,hanzlamateen
./packages/server-core/src/social/location,3,Daniel
./packages/server-core/src/social/location,2,Kyle
./packages/server-core/src/social/invite-type,5,Hanzla
./packages/server-core/src/social/invite-type,2,Daniel
./packages/server-core/src/social/invite-type,2,Hurairah
./packages/client/public,2,Kyle
./packages/client/scripts,3,hanzlamateen
./packages/client/scripts,2,Daniel
./packages/client/scripts,2,Hanzla
./packages/client/src/themes,2,Aditya
./packages/client/src/pages,12,Aditya
./packages/client/src/pages,7,Daniel
./packages/client/src/pages,5,Kyle
./packages/client/src/pages,4,Gheric
./packages/client/src/pages,4,Hanzla
./packages/client/src/pages,4,Moiz
./packages/client/src/pages,3,Appaji
./packages/client/src/pages,3,lonedevr
./packages/client/src/pages,2,Abhijay
./packages/client/src/pages,2,José
./packages/client/src/route,10,Aditya
./packages/client/src/route,2,Hanzla
./packages/client/src/route,2,Kyle
./packages/engine/tests,5,Gheric
./packages/engine/tests,3,Daniel
./packages/engine/tests,3,Michael
./packages/engine/tests,2,David
./packages/engine/tests,2,Rahul
./packages/engine/tests/util,3,Gheric
./packages/engine/tests/util,2,Michael
./packages/engine/src/gltf,3,David
./packages/engine/src/gltf,2,Michael
./packages/engine/src/camera,6,Gheric
./packages/engine/src/camera,5,Daniel
./packages/engine/src/camera,4,David
./packages/engine/src/camera,3,anselm
./packages/engine/src/camera,3,lonedevr
./packages/engine/src/avatar,59,lonedevr
./packages/engine/src/avatar,36,Gheric
./packages/engine/src/avatar,17,AidanCaruso
./packages/engine/src/avatar,13,Daniel
./packages/engine/src/avatar,11,David
./packages/engine/src/avatar,7,anselm
./packages/engine/src/avatar,6,Michael
./packages/engine/src/avatar,4,Hanzla
./packages/engine/src/avatar,4,Kyle
./packages/engine/src/avatar,4,Sam
./packages/engine/src/avatar,2,Aditya
./packages/engine/src/avatar,2,Rahul
./packages/engine/src/visualscript,2,Gheric
./packages/engine/src/visualscript,2,Rahul
./packages/engine/src/interaction,15,Gheric
./packages/engine/src/interaction,7,Sam
./packages/engine/src/interaction,5,Daniel
./packages/engine/src/interaction,5,lonedevr
./packages/engine/src/interaction,3,anselm
./packages/engine/src/interaction,2,Aditya
./packages/engine/src/interaction,2,Michael
./packages/engine/src/mocap,18,lonedevr
./packages/engine/src/mocap,11,AidanCaruso
./packages/engine/src/mocap,7,Gheric
./packages/engine/src/mocap,3,Michael
./packages/engine/src/audio,10,Gheric
./packages/engine/src/audio,4,Michael
./packages/engine/src/audio,3,Appaji
./packages/engine/src/audio,3,Kyle
./packages/engine/src/audio,2,Aditya
./packages/engine/src/audio,2,anselm
./packages/engine/src/assets,55,David
./packages/engine/src/assets,13,Gheric
./packages/engine/src/assets,11,dinomut1
./packages/engine/src/assets,10,Michael
./packages/engine/src/assets,9,Daniel
./packages/engine/src/assets,7,Appaji
./packages/engine/src/assets,7,Kyle
./packages/engine/src/assets,7,lonedevr
./packages/engine/src/assets,6,Jiatong
./packages/engine/src/assets,4,Aditya
./packages/engine/src/assets,2,Rahul
./packages/engine/src/scene,64,David
./packages/engine/src/scene,40,Gheric
./packages/engine/src/scene,37,Appaji
./packages/engine/src/scene,30,lonedevr
./packages/engine/src/scene,28,Daniel
./packages/engine/src/scene,19,Rahul
./packages/engine/src/scene,18,Michael
./packages/engine/src/scene,11,dinomut1
./packages/engine/src/scene,7,Aditya
./packages/engine/src/scene,7,Kyle
./packages/engine/src/scene,6,Sam
./packages/engine/src/scene,5,AidanCaruso
./packages/engine/src/scene,5,Jiatong
./packages/engine/src/scene,5,Moiz
./packages/engine/src/scene,3,anselm
./packages/engine/src/scene,2,Hanzla
./packages/engine/src/scene,2,Rezmason
./packages/server/scripts,5,Kyle
./packages/instanceserver/tests,2,Daniel
./packages/ui/scripts,2,Daniel
./packages/ui/.storybook,3,Daniel
./packages/ui/.storybook,2,Aditya
./packages/ui/src/components,29,Aditya
./packages/ui/src/components,12,David
./packages/ui/src/components,11,Andy
./packages/ui/src/components,9,Jiatong
./packages/ui/src/components,8,Appaji
./packages/ui/src/components,8,Daniel
./packages/ui/src/components,8,Gheric
./packages/ui/src/components,8,Rahul
./packages/ui/src/components,8,lonedevr
./packages/ui/src/components,7,dtlehrer
./packages/ui/src/components,5,Sam
./packages/ui/src/components,4,MbfloydIR
./packages/ui/src/components,3,Michael
./packages/ui/src/components,2,Abhijay
./packages/ui/src/components,2,Hanzla
./packages/ui/src/components,2,Vepar
./packages/ui/src/components,2,hanzlamateen
./packages/ui/src/pages,6,Aditya
./packages/ui/src/pages,4,Gheric
./packages/ui/src/pages,4,lonedevr
./packages/ui/src/pages,3,Moiz
./packages/ui/src/pages,2,anselm
./packages/ui/src/primitives,20,Aditya
./packages/ui/src/primitives,10,Appaji
./packages/ui/src/primitives,5,Hurairah
./packages/ui/src/primitives,5,Rahul
./packages/ui/src/primitives,4,Andres
./packages/ui/src/primitives,4,Daniel
./packages/ui/src/primitives,4,hanzlamateen
./packages/ui/src/primitives,3,Abhijay
./packages/ui/src/primitives,3,Andy
./packages/ui/src/primitives,2,Gheric
./packages/ui/src/primitives,2,Jiatong
./packages/ui/src/primitives,2,Kyle
